<?xml version="1.0" encoding="UTF-8"?>
<project-private xmlns="http://www.netbeans.org/ns/project-private/1">
    <editor-bookmarks xmlns="http://www.netbeans.org/ns/editor-bookmarks/2" lastBookmarkId="0"/>
    <open-files xmlns="http://www.netbeans.org/ns/projectui-open-files/2">
        <group>
            <file>file:/D:/AaulasLAB/JRB/JAVA2/Aula2/src/aula2/Aula2.java</file>
            <file>file:/D:/AaulasLAB/JRB/JAVA2/Aula2/src/com/br/ruy/padrao/composite/ArquivoVideoTransparente.java</file>
            <file>file:/D:/AaulasLAB/JRB/JAVA2/Aula2/src/com/br/ruy/padrao/composite/ArquivoComponenteTransparente.java</file>
            <file>file:/D:/AaulasLAB/JRB/JAVA2/Aula2/src/com/br/ruy/padrao/composite/ArquivoConpositeTransparente.java</file>
        </group>
    </open-files>
</project-private>
